<?xml version="1.0"?>
<!--<!DOCTYPE metadata SYSTEM "http://www.esri.com/metadata/esriprof80.dtd">-->
<metadata xml:lang="en"><Esri><CreaDate>20030716</CreaDate><CreaTime>14271100</CreaTime><SyncOnce>FALSE</SyncOnce><SyncDate>20030616</SyncDate><SyncTime>14550300</SyncTime><ModDate>20030616</ModDate><ModTime>14550300</ModTime><MetaID>{8C21A597-B3B4-4BFE-BC5E-5A6A4EBDAE33}</MetaID></Esri><idinfo><native Sync="TRUE">Microsoft Windows 2000 Version 5.1 (Build 2600) Service Pack 1; ESRI ArcCatalog 8.2.0.700</native><descript><langdata Sync="TRUE">en</langdata><abstract>This dataset has been clipped, and only contains Oklahoma counties created by the following process.  The County Boundary with Detailed Shorelines database was created using TIGER/LINE 2000 shapefile data gathered from ESRI's Geography Network.  The individual county shapefiles were processed into Arc/Info coverages and then appended together to create complete state/county coverages.  BTS Hydrographic data was integrated to create detailed shorelines.</abstract><purpose>The United States County Boundary database is a geographic database of county political boundaries.  The database includes boundaries for all 50 states plus Puerto Rico and Washington D.C..</purpose><supplinf>The BTS County Boundary Database contains TIGER 2000 geometry and attributes. To find out more about TIGER/Line files and other Census TIGER data base derived data sets visit http://www.census.gov/geo/www/tiger.</supplinf></descript><citation><citeinfo><origin>U.S. Bureau of the Census (BOC)</origin><pubdate>2000</pubdate><title>State of Oklahoma Detailed County Boundaries</title><ftname Sync="TRUE">OKCNTYD</ftname><geoform Sync="TRUE">vector digital data</geoform><onlink>http://www.ocgi.okstate.edu/zipped</onlink><pubinfo><pubplace>Suitland, MD</pubplace><publish>U.S. Bureau of the Census (BOC)</publish></pubinfo><othercit>Compiled by University of Tennessee
Center for Transportation Research
GIS GROUP from TIGER/Line Machine Readable Files, US Bureau of the Census</othercit><origin>Bureau of Transportation Statistics (comp.)</origin><lworkcit><citeinfo><origin>Bureau of Transportation Statistics (BTS)</origin><pubdate>2002</pubdate><title>National Trasportation Atlas Databases (NTAD) 2002</title><edition>2002</edition><geoform>vector digital data</geoform><pubinfo><pubplace>Washington DC</pubplace><publish>Bureau of Transportation Statistics (BTS)</publish></pubinfo><onlink>http://www.bts.gov/gis/</onlink></citeinfo></lworkcit></citeinfo></citation><timeperd><current>publication date</current><timeinfo><sngdate><caldate>2000</caldate></sngdate></timeinfo></timeperd><status><progress>Complete</progress><update>None planned</update></status><spdom><bounding><westbc Sync="TRUE">-103.048584</westbc><eastbc Sync="TRUE">-94.392968</eastbc><northbc Sync="TRUE">37.203024</northbc><southbc Sync="TRUE">33.428270</southbc></bounding><lboundng><leftbc Sync="TRUE">-620858.715528</leftbc><rightbc Sync="TRUE">141305.593150</rightbc><bottombc Sync="TRUE">1173089.350927</bottombc><topbc Sync="TRUE">1573506.285188</topbc></lboundng></spdom><keywords><theme><themekt>None</themekt><themekey>COUNTY</themekey><themekey>POLYGON</themekey><themekey>LINE</themekey><themekey>BOUNDARIES</themekey></theme><place><placekey>Oklahoma</placekey><placekt>None</placekt></place><temporal><tempkey>2000</tempkey><tempkt>None</tempkt><tempkey>2002</tempkey></temporal><stratum><stratkt>None</stratkt><stratkey>ground</stratkey></stratum></keywords><natvform Sync="TRUE">Shapefile</natvform><ptcontac><cntinfo><cntorgp><cntorg>Bureau of Transportation Statistics (BTS)</cntorg></cntorgp><cntemail>answers@bts.gov</cntemail><cntaddr><addrtype>mailing and physical address</addrtype><address>400 Seventh Street, SW</address><city>Washington</city><state>DC</state><postal>20590</postal><country>USA</country></cntaddr><cntvoice>202-366-DATA</cntvoice><cntfax>202-366-3640</cntfax></cntinfo></ptcontac><accconst>None</accconst><useconst>Acknowledgement of the Bureau of Transportation Statistics National Transportation Atlas Database would be appreciated in products derived from these data.</useconst><datacred>Census TIGER/Line 2000</datacred><crossref><citeinfo><title>U.S. County Boundaries</title><origin>U.S. Bureau of the Census (BOC)</origin><othercit>Compiled by University of Tennessee
Center for Transportation Research
GIS GROUP from TIGER/Line Machine Readable Files, US Bureau of the Census</othercit><origin>Bureau of Transportation Statistics (comp.)</origin><pubdate>2000</pubdate><onlink>http://www.census.gov</onlink><lworkcit><citeinfo><title>National Trasportation Atlas Databases (NTAD) 2002</title><origin>Bureau of Transportation Statistics (BTS)</origin><pubdate>2002</pubdate><edition>2002</edition><geoform>vector digital data</geoform><pubinfo><pubplace>Washington DC</pubplace><publish>Bureau of Transportation Statistics (BTS)</publish></pubinfo><onlink>http://www.bts.gov/gis/</onlink></citeinfo></lworkcit><pubinfo><pubplace>Suitland, MD</pubplace><publish>U.S. Bureau of the Census (BOC)</publish></pubinfo></citeinfo></crossref></idinfo><metainfo><langmeta Sync="TRUE">en</langmeta><metstdn Sync="TRUE">FGDC Content Standards for Digital Geospatial Metadata</metstdn><metstdv Sync="TRUE">FGDC-STD-001-1998</metstdv><mettc Sync="TRUE">local time</mettc><metc><cntinfo><cntorgp><cntorg>Bureau of Transportation Statisitics (BTS)</cntorg></cntorgp><cntaddr><addrtype>mailing and physical address</addrtype><city>Washington</city><state>DC</state><postal>20590</postal><address>400 Seventh Street, SW</address><country>USA</country></cntaddr><cntvoice>202-366-DATA</cntvoice><cntfax>202-366-3640</cntfax><cntemail>answers@bts.gov</cntemail></cntinfo></metc><metd Sync="TRUE">20030616</metd><metac>None</metac><metuc>None</metuc><metextns><onlink Sync="TRUE">http://www.esri.com/metadata/esriprof80.html</onlink><metprof Sync="TRUE">ESRI Metadata Profile</metprof></metextns></metainfo><spdoinfo><direct Sync="TRUE">Vector</direct><ptvctinf><esriterm Name="OKCNTYD"><efeatyp Sync="TRUE">Simple</efeatyp><efeageom Sync="TRUE">Polygon</efeageom><esritopo Sync="TRUE">FALSE</esritopo><efeacnt Sync="TRUE">77</efeacnt><spindex Sync="TRUE">TRUE</spindex><linrefer Sync="TRUE">FALSE</linrefer></esriterm><sdtsterm Name="OKCNTYD"><sdtstype Sync="TRUE">G-polygon</sdtstype><ptvctcnt Sync="TRUE">77</ptvctcnt></sdtsterm><esriterm Name="label"><efeatyp Sync="TRUE">Simple</efeatyp><efeageom Sync="TRUE">Label</efeageom><esritopo Sync="TRUE">FALSE</esritopo><efeacnt Sync="TRUE">24274</efeacnt><spindex Sync="TRUE">FALSE</spindex><linrefer Sync="TRUE">FALSE</linrefer></esriterm><sdtsterm Name="label"><sdtstype Sync="TRUE">Label point</sdtstype><ptvctcnt Sync="TRUE">24274</ptvctcnt></sdtsterm><esriterm Name="polygon"><efeatyp Sync="TRUE">Simple</efeatyp><efeageom Sync="TRUE">Polygon</efeageom><esritopo Sync="TRUE">TRUE</esritopo><efeacnt Sync="TRUE">24274</efeacnt><spindex Sync="TRUE">FALSE</spindex><linrefer Sync="TRUE">FALSE</linrefer></esriterm><sdtsterm Name="polygon"><sdtstype Sync="TRUE">GT-polygon composed of chains</sdtstype><ptvctcnt Sync="TRUE">24274</ptvctcnt></sdtsterm><esriterm Name="tic"><efeatyp Sync="TRUE">Simple</efeatyp><efeageom Sync="TRUE">Tic</efeageom><esritopo Sync="TRUE">FALSE</esritopo><efeacnt Sync="TRUE">4</efeacnt><spindex Sync="TRUE">FALSE</spindex><linrefer Sync="TRUE">FALSE</linrefer></esriterm><sdtsterm Name="tic"><sdtstype Sync="TRUE">Point</sdtstype><ptvctcnt Sync="TRUE">4</ptvctcnt></sdtsterm><esriterm Name="tic"><efeatyp Sync="TRUE">Simple</efeatyp><efeageom Sync="TRUE">Tic</efeageom><esritopo Sync="TRUE">FALSE</esritopo><efeacnt Sync="TRUE">4</efeacnt><spindex Sync="TRUE">FALSE</spindex><linrefer Sync="TRUE">FALSE</linrefer></esriterm><sdtsterm Name="tic"><sdtstype Sync="TRUE">Point</sdtstype><ptvctcnt Sync="TRUE">4</ptvctcnt></sdtsterm></ptvctinf></spdoinfo><spref><horizsys><cordsysn><geogcsn Sync="TRUE">GCS_North_American_1983</geogcsn><projcsn Sync="TRUE">USA_Contiguous_Albers_Equal_Area_Conic_USGS_version</projcsn></cordsysn><geodetic><horizdn Sync="TRUE">North American Datum of 1983</horizdn><ellips Sync="TRUE">Geodetic Reference System 80</ellips><semiaxis Sync="TRUE">6378137.000000</semiaxis><denflat Sync="TRUE">298.257222</denflat></geodetic><planar><planci><plance Sync="TRUE">coordinate pair</plance><plandu Sync="TRUE">meters</plandu><coordrep><absres Sync="TRUE">0.002048</absres><ordres Sync="TRUE">0.002048</ordres></coordrep></planci><mapproj><mapprojn Sync="TRUE">Albers Conical Equal Area</mapprojn><albers><stdparll Sync="TRUE">29.500000</stdparll><stdparll Sync="TRUE">45.500000</stdparll><longcm Sync="TRUE">-96.000000</longcm><latprjo Sync="TRUE">23.000000</latprjo><feast Sync="TRUE">0.000000</feast><fnorth Sync="TRUE">0.000000</fnorth></albers></mapproj></planar></horizsys><vertdef><altsys><altenc Sync="TRUE">Explicit elevation coordinate included with horizontal coordinates</altenc><altres Sync="TRUE">1.000000</altres></altsys></vertdef></spref><eainfo><detailed Name="OKCNTYD"><enttyp><enttypl Sync="TRUE">OKCNTYD</enttypl><enttypt Sync="TRUE">Feature Class</enttypt><enttypc Sync="TRUE">77</enttypc><enttypd>ESRI shapefile of the United States counties</enttypd><enttypds>ESRI and BTS</enttypds></enttyp><attr><attrlabl Sync="TRUE">FID</attrlabl><attalias Sync="TRUE">FID</attalias><attrtype Sync="TRUE">OID</attrtype><attwidth Sync="TRUE">4</attwidth><atprecis Sync="TRUE">0</atprecis><attscale Sync="TRUE">0</attscale><attrdomv><udom Sync="TRUE">Sequential unique whole numbers that are automatically generated.</udom></attrdomv><attrdef Sync="TRUE">Internal feature number.</attrdef><attrdefs Sync="TRUE">ESRI</attrdefs></attr><attr><attrlabl Sync="TRUE">Shape</attrlabl><attwidth Sync="TRUE">0</attwidth><atoutwid Sync="TRUE">5</atoutwid><attrtype Sync="TRUE">Geometry</attrtype><attrdomv><edom><edomv>"polygon"</edomv><edomvd>A "polygon" is an area feature comproised of points and line segments.</edomvd><edomvds>Assigned</edomvds></edom><udom Sync="TRUE">Coordinates defining the features.</udom></attrdomv><attalias Sync="TRUE">Shape</attalias><atprecis Sync="TRUE">0</atprecis><attscale Sync="TRUE">0</attscale><attrdef>The SHAPE attribute is inherent to the ESRI Shapefile format.  It defines the vector data as a point, polyline, or polygon.  For further information concerning the definition of SHAPE, consult ESRI documentation.</attrdef><attrdefs>ESRI and BTS</attrdefs></attr><attr><attrlabl Sync="TRUE">OBJECTID_1</attrlabl><attwidth Sync="TRUE">10</attwidth><atoutwid Sync="TRUE">5</atoutwid><attrtype Sync="TRUE">Number</attrtype><attrdomv><rdom><rdommin>00</rdommin><rdommax>99</rdommax></rdom></attrdomv><attalias Sync="TRUE">OBJECTID_1</attalias><attrdef>Version of the database</attrdef><attrdefs>Bureau of Transportaion Statistics (BTS)</attrdefs></attr><attr><attrlabl Sync="TRUE">OBJECTID</attrlabl><attwidth Sync="TRUE">10</attwidth><atoutwid Sync="TRUE">5</atoutwid><attrtype Sync="TRUE">Number</attrtype><attrdomv><rdom><rdommin>00</rdommin><rdommax>99</rdommax></rdom></attrdomv><attalias Sync="TRUE">OBJECTID</attalias><attrdef>Feature revision number</attrdef><attrdefs>Bureau of Transportaion Statistics (BTS)</attrdefs></attr><attr><attrlabl Sync="TRUE">RECTYPE</attrlabl><attwidth Sync="TRUE">1</attwidth><atoutwid Sync="TRUE">5</atoutwid><attrtype Sync="TRUE">String</attrtype><attrdefs>Bureau of the Census (BOC)</attrdefs><attrdomv><codesetd><codesetn>Federal Information Processing Standard, Publication 6-4</codesetn><codesets>National Institute for Standards and Technology</codesets></codesetd></attrdomv><attalias Sync="TRUE">RECTYPE</attalias><attrdef>State FIPS code</attrdef></attr><attr><attrlabl Sync="TRUE">VERSION</attrlabl><attwidth Sync="TRUE">2</attwidth><atoutwid Sync="TRUE">18</atoutwid><attrtype Sync="TRUE">String</attrtype><attrdomv><codesetd><codesetn>Offical List of State Postal Codes (State Abbreviations)</codesetn><codesets>U.S. Postal Service (USPS)</codesets></codesetd></attrdomv><attalias Sync="TRUE">VERSION</attalias><attrdef>U.S. Postal Service 2 letter state abbreviation</attrdef><attrdefs>Bureau of the Census (BOC)</attrdefs></attr><attr><attrlabl Sync="TRUE">REVISION</attrlabl><attwidth Sync="TRUE">2</attwidth><atoutwid Sync="TRUE">5</atoutwid><attrtype Sync="TRUE">String</attrtype><attrdomv><codesetd><codesetn>Federal Information Processing Standard, Publication 6-4</codesetn><codesets>National Institute for Standards and Technology</codesets></codesetd></attrdomv><attalias Sync="TRUE">REVISION</attalias><attrdef>County FIPS code</attrdef><attrdefs>Bureau of the Census (BOC)</attrdefs></attr><attr><attrlabl Sync="TRUE">MODDATE</attrlabl><attalias Sync="TRUE">MODDATE</attalias><attrtype Sync="TRUE">Number</attrtype><attwidth Sync="TRUE">10</attwidth><attrdomv><codesetd><codesetn>Offical List of State Names</codesetn><codesets>Bureau of the Census (BOC)</codesets></codesetd></attrdomv><attrdef>State name</attrdef><attrdefs>Bureau of the Census (BOC)</attrdefs></attr><attr><attrlabl Sync="TRUE">POLYID</attrlabl><attalias Sync="TRUE">POLYID</attalias><attrtype Sync="TRUE">Number</attrtype><attwidth Sync="TRUE">10</attwidth><attrdef>County name</attrdef><attrdefs>Bureau of the Census (BOC)</attrdefs><attrdomv><codesetd><codesetn>Officail List of U.S. County Names </codesetn><codesets>Bureau of the Census (BOC)</codesets></codesetd></attrdomv></attr><attr><attrlabl Sync="TRUE">FEATUREID</attrlabl><attalias Sync="TRUE">FEATUREID</attalias><attrtype Sync="TRUE">String</attrtype><attwidth Sync="TRUE">10</attwidth></attr><attr><attrlabl Sync="TRUE">CNTRLONG</attrlabl><attalias Sync="TRUE">CNTRLONG</attalias><attrtype Sync="TRUE">Number</attrtype><attwidth Sync="TRUE">10</attwidth></attr><attr><attrlabl Sync="TRUE">CNTRLAT</attrlabl><attalias Sync="TRUE">CNTRLAT</attalias><attrtype Sync="TRUE">Number</attrtype><attwidth Sync="TRUE">10</attwidth></attr><attr><attrlabl Sync="TRUE">DESCRIP</attrlabl><attalias Sync="TRUE">DESCRIP</attalias><attrtype Sync="TRUE">String</attrtype><attwidth Sync="TRUE">35</attwidth><attrdef Sync="TRUE">Feature geometry.</attrdef><attrdefs Sync="TRUE">ESRI</attrdefs><attrdomv><udom Sync="TRUE">Coordinates defining the features.</udom></attrdomv></attr><attr><attrlabl Sync="TRUE">STFIPS</attrlabl><attalias Sync="TRUE">STFIPS</attalias><attrtype Sync="TRUE">Number</attrtype><attwidth Sync="TRUE">10</attwidth></attr><attr><attrlabl Sync="TRUE">Shape_area</attrlabl><attalias Sync="TRUE">Shape_area</attalias><attrtype Sync="TRUE">Float</attrtype><attwidth Sync="TRUE">19</attwidth><attrdef Sync="TRUE">Area of feature in internal units squared.</attrdef><attrdefs Sync="TRUE">ESRI</attrdefs><attrdomv><udom Sync="TRUE">Positive real numbers that are automatically generated.</udom></attrdomv><atnumdec Sync="TRUE">11</atnumdec></attr><attr><attrlabl Sync="TRUE">Shape_len</attrlabl><attalias Sync="TRUE">Shape_len</attalias><attrtype Sync="TRUE">Float</attrtype><attwidth Sync="TRUE">19</attwidth><atnumdec Sync="TRUE">11</atnumdec></attr></detailed></eainfo><distinfo><stdorder><digform><digtinfo><transize Sync="TRUE">0.939</transize><dssize Sync="TRUE">0.939</dssize><formname>ESRI Shapefile</formname><formvern>2002</formvern><filedec>No compression applied.  However, if using digital transfer online option, note access instructions.</filedec></digtinfo><digtopt><onlinopt><computer><networka><networkr>http://www.bts.gov/gis</networkr></networka></computer><accinstr>Anyone with access to the World Wide Web may connect to the BTS server.  To access a specific database, go to the address listed above in the Network Resource Name.  The visitor can create a package of the dataset for download in a .zip format (i.e. MS-DOS zip archive).  This archived package is stored in a temporary file that can then be copied to the visitor's home directory.</accinstr></onlinopt><offoptn><offmedia>CD-ROM</offmedia><reccap><recden>650</recden><recdenu>megabytes</recdenu></reccap><recfmt>ISO 9600</recfmt></offoptn></digtopt></digform><fees>none</fees><ordering>Call 202-366-DATA, fax 202-366-3640, or E-mail (answers@bts.gov) BTS to request the National Transportation Atlas Databases (NTAD) 2002 CD-ROM.  This and other BTS products may be ordered from the BTS Internet website (http://www.bts.gov/gis/).
</ordering></stdorder><distrib><cntinfo><cntorgp><cntorg>Bureau of Transportation Statistics (BTS)</cntorg></cntorgp><cntaddr><addrtype>mailing and physical address</addrtype><address>400 Seventh Street, SW</address><city>Washington</city><state>DC</state><postal>20590</postal><country>USA</country></cntaddr><cntvoice>202-366-DATA</cntvoice><cntfax>202-366-3640</cntfax><cntemail>answers@bts.gov</cntemail></cntinfo></distrib><resdesc>National Transportation Atlas Databases (NTAD) 2002</resdesc><distliab>None</distliab><availabl><timeinfo><sngdate><caldate>2002</caldate></sngdate></timeinfo></availabl><techpreq>Software that can process GIS files.</techpreq></distinfo><dataqual><lineage><srcinfo><srccite><citeinfo><title>Nationwide County Boundary Database with Detailed Shorelines</title><origin>University of Tennessee Center for Transportation Research GIS GROUP</origin><pubdate>2001</pubdate><lworkcit><citeinfo><title>TIGER</title></citeinfo></lworkcit></citeinfo></srccite><srcscale>100,000</srcscale><typesrc>CD-ROM</typesrc><srccitea>county</srccitea><srctime><timeinfo><sngdate><caldate>2000</caldate></sngdate></timeinfo><srccurr>publication date</srccurr></srctime></srcinfo><procstep><procdesc>1)  Downloaded zipped shapefiles from www.geographynetwork.com; 2)  Converted the Shapefiles to Coverages; 3)  Integrated Hydrographic Features into County Borders to create detailed shorelines</procdesc><procsv>ArcInfo v.8.02</procsv><srcused>TIGER</srcused><procdate>June 2000</procdate><proctime>4 days</proctime><proccont><cntinfo><cntorgp><cntorg>Bureau of Transportation Statistics (BTS)</cntorg></cntorgp><cntaddr><address>Bureau of Transportation Statistics (BTS)</address><addrtype>mailing and physical address</addrtype><address>400 Seventh Street, S.W.</address><city>Washington</city><state>District of Columbia</state><postal>20590</postal><country>USA</country></cntaddr><cntvoice>202-366-DATA</cntvoice><cntfax>202-366-3640</cntfax><cntemail>answers@bts.gov</cntemail></cntinfo></proccont></procstep><procstep><procdesc Sync="TRUE">Metadata imported.</procdesc><srcused Sync="TRUE">E:\polygon\county\county.shp.xml</srcused><date Sync="TRUE">20030515</date><time Sync="TRUE">10324300</time></procstep><procstep><procdesc Sync="TRUE">Dataset copied.</procdesc><srcused Sync="TRUE">Server=afserver; Service=5151; User=sde; Version=sde.DEFAULT</srcused><date Sync="TRUE">20030523</date><time Sync="TRUE">10443400</time></procstep><procstep><procdesc Sync="TRUE">Dataset copied.</procdesc><srcused Sync="TRUE"></srcused><date Sync="TRUE">20030716</date><time Sync="TRUE">14054100</time></procstep><procstep><procdesc Sync="TRUE">Dataset copied.</procdesc><srcused Sync="TRUE">C:\Files\OKCNTYD</srcused><date Sync="TRUE">20030716</date><time Sync="TRUE">14271100</time></procstep></lineage><posacc><horizpa><horizpar>Consistent with TIGER 2000</horizpar><qhorizpa><horizpav>unknown</horizpav></qhorizpa></horizpa></posacc><attracc><qattracc><attraccv>unknown</attraccv></qattracc></attracc></dataqual><dataIdInfo><envirDesc Sync="TRUE">Microsoft Windows 2000 Version 5.1 (Build 2600) Service Pack 1; ESRI ArcCatalog 8.2.0.700</envirDesc><dataLang><languageCode Sync="TRUE" value="en"></languageCode></dataLang><idCitation><resTitle Sync="TRUE">OKCNTYD</resTitle><presForm><PresFormCd Sync="TRUE" value="005"></PresFormCd></presForm></idCitation><spatRpType><SpatRepTypCd Sync="TRUE" value="001"></SpatRepTypCd></spatRpType><geoBox esriExtentType="native"><westBL Sync="TRUE">-620858.715528</westBL><eastBL Sync="TRUE">141305.59315</eastBL><northBL Sync="TRUE">1573506.285188</northBL><southBL Sync="TRUE">1173089.350927</southBL><exTypeCode Sync="TRUE">1</exTypeCode></geoBox><geoBox esriExtentType="decdegrees"><westBL Sync="TRUE">-103.048584</westBL><eastBL Sync="TRUE">-94.392968</eastBL><northBL Sync="TRUE">37.203024</northBL><southBL Sync="TRUE">33.42827</southBL><exTypeCode Sync="TRUE">1</exTypeCode></geoBox></dataIdInfo><mdLang><languageCode Sync="TRUE" value="en"></languageCode></mdLang><mdStanName Sync="TRUE">ISO 19115 Geographic Information - Metadata</mdStanName><mdStanVer Sync="TRUE">DIS_ESRI1.0</mdStanVer><mdChar><CharSetCd Sync="TRUE" value="004"></CharSetCd></mdChar><mdHrLv><ScopeCd Sync="TRUE" value="005"></ScopeCd></mdHrLv><mdHrLvName Sync="TRUE">dataset</mdHrLvName><distInfo><distributor><distorTran><onLineSrc><orDesc Sync="TRUE">002</orDesc><linkage Sync="TRUE">file://\\Ocgisrvr\AFTransfer\RBLDOCGI\OKBASE\GEO\OKCNTYD</linkage><protocol Sync="TRUE">Local Area Network</protocol></onLineSrc><transSize Sync="TRUE">0.939</transSize></distorTran><distorFormat><formatName Sync="TRUE">Shapefile</formatName></distorFormat></distributor></distInfo><refSysInfo><RefSystem><refSysID><identCode Sync="TRUE">USA_Contiguous_Albers_Equal_Area_Conic_USGS_version</identCode></refSysID></RefSystem></refSysInfo><spatRepInfo><VectSpatRep><topLvl><TopoLevCd Sync="TRUE" value="001"></TopoLevCd></topLvl><geometObjs Name="OKCNTYD"><geoObjTyp><GeoObjTypCd Sync="TRUE" value="001"></GeoObjTypCd></geoObjTyp><geoObjCnt Sync="TRUE">77</geoObjCnt></geometObjs></VectSpatRep></spatRepInfo><mdDateSt Sync="TRUE">20030616</mdDateSt></metadata>
